topicId,title,content,category,goal
nutrition-dates-fiber,The Power of Dates,Breaking fast with dates provides quick energy and fiber to gently wake up digestion.,Nutrition,Start Iftar with 1–3 dates and water before your main meal.
nutrition-fiber-suhoor,Fiber Is Your Friend,Complex carbs and fiber at Suhoor digest slowly and reduce energy crashes later in the day.,Nutrition,"Add oats, chia, or whole grains to Suhoor."
nutrition-chew-slowly,Chew Slowly,"After a long fast, slower eating reduces bloating and improves digestion.",Nutrition,Put your fork down between bites at Iftar.
nutrition-protein-satiety,Prioritize Protein,Protein helps satiety and supports muscle maintenance during fasting days.,Nutrition,"Include eggs, yogurt, legumes, or lean protein at Suhoor."
nutrition-sugar-crash,Avoid the Sugar Crash,High-sugar foods at Iftar spike energy briefly and then cause fatigue.,Nutrition,Save sweets for later; break fast with balanced foods first.
nutrition-balanced-plate,Build a Balanced Plate,A balanced plate helps steady energy and keeps you satisfied longer.,Nutrition,"At Iftar, aim for half vegetables, a quarter protein, a quarter carbs."
nutrition-slow-carb,Choose Slow Carbs,Slow-digesting carbs release energy gradually through the fasting hours.,Nutrition,"Pick brown rice, quinoa, or sweet potato at Suhoor."
nutrition-omega-3,Omega-3 Support,Healthy fats support mood and reduce inflammation.,Nutrition,Add walnuts or chia to your meal today.
nutrition-veggie-variety,Color Your Plate,Vegetable variety improves micronutrient coverage and gut health.,Nutrition,Add at least 3 colors of veggies at Iftar.
nutrition-portion-reset,Portion Reset,Your hunger cues may be delayed after fasting—start small and pause.,Nutrition,"Serve half portions first, then reassess hunger."
nutrition-legumes,Lean on Legumes,Beans and lentils offer steady energy plus protein and fiber.,Nutrition,Add lentil soup or chickpeas to your meal.
nutrition-lean-protein,Lean Protein Focus,Lean protein helps recovery and reduces overeating later.,Nutrition,"Include chicken, fish, tofu, or eggs tonight."
nutrition-gentle-iftar,Gentle Iftar Start,A light start helps your stomach adjust after a long fast.,Nutrition,Begin with soup or a small snack before the main meal.
nutrition-protein-smoothie,Protein Smoothie Boost,A smoothie can deliver protein without feeling heavy late at night.,Nutrition,Blend yogurt or protein powder with fruit after Iftar.
nutrition-calcium,Calcium Support,Calcium supports muscle function and sleep quality.,Nutrition,"Include yogurt, kefir, or fortified milk tonight."
nutrition-iron,Iron-Rich Choices,"Iron supports energy and focus, which can dip while fasting.",Nutrition,"Add spinach, lentils, or lean red meat with vitamin C foods."
nutrition-vitamin-c,Vitamin C Pairing,Vitamin C helps iron absorption and supports immunity.,Nutrition,Add citrus or peppers to your meal.
nutrition-avoid-fried,Ease Up on Fried Foods,Heavy fried foods can cause sluggishness after Iftar.,Nutrition,Swap one fried item for grilled or baked tonight.
nutrition-night-snack,Smart Night Snack,"A small, balanced snack can prevent waking up overly hungry.",Nutrition,Try fruit with nuts or yogurt before bed.
nutrition-salt-balance,Salt Balance,Too much salt can increase thirst during the fasting hours.,Nutrition,Taste before salting your Iftar meal.
nutrition-prep-box,Prep a Suhoor Box,Preparation reduces skipped meals and energy dips.,Nutrition,Pack a ready-to-eat Suhoor in the fridge tonight.
nutrition-whole-foods,Whole Foods First,Whole foods provide steadier energy than ultra-processed snacks.,Nutrition,Choose one whole-food swap tonight.
nutrition-spice-digest,Gentle Spices,Mild spices can aid digestion without irritation.,Nutrition,Add cumin or ginger to your meal.
nutrition-breakfast-style,Breakfast-Style Suhoor,A balanced breakfast-style meal supports energy and alertness.,Nutrition,"Try eggs, whole grains, and fruit at Suhoor."
nutrition-veg-protein,Plant Protein,Plant proteins support fullness and gut health.,Nutrition,"Add tofu, tempeh, or beans to your meal."
nutrition-omega-6-balance,Fat Balance,Balanced fats support steady energy and mood.,Nutrition,Use olive oil and add nuts or seeds to your plate.
nutrition-fruit-fiber,Fruit for Fiber,Fruits offer hydration and fiber without heavy digestion.,Nutrition,Add berries or an orange after Iftar.
nutrition-soup-hydration,Soup First,Warm soup provides fluids and prepares the stomach for a main meal.,Nutrition,Start Iftar with a light broth or soup.
nutrition-avoid-overeating,Pause at 80%,Stopping before fully stuffed helps energy and digestion.,Nutrition,Pause for 5 minutes halfway through your meal.
nutrition-healthy-sauce,Sauce Smart,Heavy sauces can add hidden calories and sugar.,Nutrition,Choose lighter sauces or use less tonight.
nutrition-mindful-bites,Mindful Bites,Mindful eating improves satisfaction and reduces overeating.,Nutrition,"Take 10 slow, mindful bites at Iftar."
nutrition-gut-friendly,Gut-Friendly Foods,Fermented foods can support digestion and comfort.,Nutrition,"Add yogurt, kefir, or pickled veggies today."
nutrition-carb-timing,Carb Timing,Carbs later in the day may support better sleep for some people.,Nutrition,Include a modest portion of carbs at Iftar.
nutrition-potassium,Potassium Boost,Potassium helps hydration and muscle function.,Nutrition,"Add banana, potato, or leafy greens today."
nutrition-magnesium-foods,Magnesium Foods,Magnesium-rich foods support relaxation and sleep quality.,Nutrition,Add pumpkin seeds or almonds tonight.
nutrition-early-dinner,Early Dinner,Finishing dinner earlier can improve sleep quality.,Nutrition,Aim to finish your main meal by early evening.
nutrition-protein-break,Protein First,Starting with protein can steady blood sugar and appetite.,Nutrition,Begin Iftar with a protein-rich option.
nutrition-slow-eating,Slow Down at Iftar,Slower eating improves digestion and satiety cues.,Nutrition,Take at least 20 minutes for your meal.
wellbeing-midday-nap,Midday Power Nap,A 15–20 minute nap improves alertness during long days.,Well-being,Set a 20-minute timer for a power nap.
wellbeing-sleep-hygiene,Sleep Hygiene,A calm sleep routine improves deep rest on split schedules.,Well-being,Dim lights and avoid screens 30 minutes before sleep.
wellbeing-light-movement,Light Movement,Gentle movement supports circulation without draining energy.,Well-being,Do a 10–15 minute easy walk before Iftar.
wellbeing-stretching,Stretch Breaks,Short stretch breaks reduce fatigue and stiffness.,Well-being,Stretch your shoulders and hips for 3 minutes.
wellbeing-breathing,Calm Breathing,Slow breathing reduces stress and improves focus.,Well-being,Try 4–6 slow breaths before Iftar.
wellbeing-posture,Posture Reset,Better posture supports energy and digestion.,Well-being,Sit tall and relax your shoulders for 1 minute.
wellbeing-sunlight,Morning Sunlight,Morning light helps regulate your sleep cycle.,Well-being,Get 5–10 minutes of outdoor light today.
wellbeing-caffeine-timing,Caffeine Timing,Late caffeine can harm sleep quality.,Well-being,"If you drink caffeine, keep it early evening only."
wellbeing-quiet-time,Quiet Time,Short quiet breaks help reduce mental fatigue.,Well-being,Take a 5-minute quiet break today.
wellbeing-heat-care,Heat Management,Staying cool reduces dehydration risk.,Well-being,Use a fan or cool shower in the afternoon.
wellbeing-mobility,Mobility Minute,Gentle mobility keeps joints comfortable.,Well-being,Try 5 minutes of light mobility drills.
wellbeing-eye-rest,Eye Rest,Screen breaks reduce fatigue and headaches.,Well-being,Use the 20-20-20 rule this evening.
wellbeing-early-winddown,Early Wind-Down,A gentle wind-down helps you sleep deeper.,Well-being,Start winding down 30 minutes earlier tonight.
wellbeing-sleep-cool,Cool Sleep,A cooler room can improve sleep quality.,Well-being,Lower the temperature slightly before bed.
wellbeing-evening-walk,Evening Walk,A gentle walk after Iftar aids digestion.,Well-being,Take a 10-minute walk after your meal.
wellbeing-relax-ritual,Relax Ritual,A short ritual helps signal your body to relax.,Well-being,Try a warm shower or reading for 10 minutes.
wellbeing-noise,Noise Control,Reducing noise can improve rest and focus.,Well-being,Use earplugs or white noise tonight.
wellbeing-hydration-sips,"Sips, Not Gulps",Sipping fluids avoids stomach discomfort.,Well-being,Sip water steadily after Iftar.
wellbeing-core-stability,Core Stability,Light core work supports posture and energy.,Well-being,Try a 1-minute plank or gentle core routine.
wellbeing-balance,Balance Break,Balance exercises enhance stability and calm.,Well-being,Stand on one foot for 30 seconds each side.
wellbeing-mindful-walk,Mindful Walk,Mindful walking reduces stress and improves mood.,Well-being,Take 5 minutes to walk slowly and notice your steps.
wellbeing-breath-count,Breath Count,Counting breaths can calm a busy mind.,Well-being,Count 10 slow breaths before your next meal.
wellbeing-light-stretch,Light Stretch,Stretching helps reduce stiffness from long sitting.,Well-being,Stretch calves and hamstrings for 2 minutes.
wellbeing-sit-stand,Sit-Stand Switch,Changing posture improves circulation and focus.,Well-being,Stand for 2 minutes every hour today.
wellbeing-light-exposure,Evening Light,Reducing bright light at night supports melatonin.,Well-being,Dim overhead lights after dinner.
hydration-suhoor-basics,Hydrate Smart at Suhoor,Slow sips absorb better than rapid drinking right before fasting.,Hydration,Sip water across the last 30 minutes of Suhoor.
hydration-electrolytes,Electrolytes Matter,Electrolytes help retain fluids during long fasting days.,Hydration,Add a pinch of salt or electrolyte mix to water.
hydration-pace,Pace Your Water,Pacing fluids avoids stomach discomfort and improves retention.,Hydration,Drink a glass every 45–60 minutes during the evening.
hydration-herbal,Herbal Hydration,Herbal teas provide fluids without caffeine.,Hydration,Have an herbal tea after Iftar.
hydration-fruit,Hydrating Fruits,High-water fruits support hydration and minerals.,Hydration,Add watermelon or cucumber to your meal.
hydration-avoid-sugary,Skip Sugary Drinks,Sugary drinks can increase thirst later.,Hydration,Choose water or lightly flavored water tonight.
hydration-soups,Soup Counts,Soups add fluids while being easy on digestion.,Hydration,Start Iftar with a light soup.
hydration-sodium-balance,Balance Sodium,Balanced sodium helps maintain hydration without excessive thirst.,Hydration,Avoid overly salty snacks this evening.
hydration-caffeine,Limit Caffeine,Caffeine can increase fluid loss for some people.,Hydration,Keep caffeine to early evening if you have it.
hydration-morning-sips,Morning Sips,Hydration at Suhoor helps prevent afternoon fatigue.,Hydration,Drink a full glass before your last bite.
hydration-ice,Ice Water Trick,Cool water can feel more refreshing and encourage sipping.,Hydration,Add ice and sip slowly this evening.
hydration-bottle,Keep a Bottle Nearby,Visibility increases hydration consistency.,Hydration,Keep a water bottle visible after Iftar.
hydration-check-color,Check Urine Color,Lighter color generally indicates better hydration.,Hydration,Aim for pale yellow by bedtime.
hydration-pre-bed,Pre-Bed Sip,A small sip before bed can help overnight comfort.,Hydration,"Drink a few sips before sleep, not a full glass."
hydration-avoid-spicy,Spice and Thirst,Very spicy food can increase thirst the next day.,Hydration,Balance spicy meals with cooling sides.
hydration-coconut,Natural Electrolytes,Some natural drinks provide light electrolytes.,Hydration,Try coconut water if you like it.
hydration-sips-intervals,Sip Intervals,"Small, frequent sips hydrate better than large gulps.",Hydration,Take 5–6 small sips every 30 minutes.
hydration-mint,Mint Refresh,Mint can make water more enjoyable to drink.,Hydration,Add mint or lemon to your water tonight.
hydration-warm,Warm Drinks,Warm beverages can be soothing after a long day.,Hydration,Have a warm herbal tea after Iftar.
hydration-salty-snack,Salted Snack Balance,"If you eat salty snacks, pair them with extra water.",Hydration,Add one extra glass of water tonight.
mental-gratitude,Gratitude Reset,Gratitude shifts attention away from discomfort and into calm.,Mental Resilience,Name three things you appreciate today.
mental-patience,Patience Practice,Short pauses help reduce irritability when energy is low.,Mental Resilience,Pause for 10 seconds before responding today.
mental-focus,Focus Block,Short focus sprints can improve productivity during fasting.,Mental Resilience,Do one 20-minute focus session today.
mental-reframe,Reframe Hunger,Reframing discomfort as a temporary signal reduces stress.,Mental Resilience,Label hunger as “temporary” when it appears.
mental-slow-down,Slow It Down,Slowing speech and movement can calm the nervous system.,Mental Resilience,Speak 10% slower for one conversation today.
mental-micro-break,Micro Breaks,Short breaks reduce mental fatigue during long days.,Mental Resilience,Take a 2-minute break every 90 minutes.
mental-journaling,One-Line Journal,A single line of reflection supports mental clarity.,Mental Resilience,Write one sentence about today’s win.
mental-self-talk,Kind Self-Talk,Gentle inner language reduces stress and improves resilience.,Mental Resilience,Replace one negative thought with a kinder one.
mental-breathing,Breathing Reset,Slow breathing lowers tension and improves focus.,Mental Resilience,Try 4 slow breaths before your next task.
mental-visualize,Visualize Calm,Mental imagery can improve patience and mood.,Mental Resilience,Visualize a calm place for 30 seconds.
mental-digital-break,Digital Break,Reduced scrolling improves attention and mood.,Mental Resilience,Take a 30-minute phone-free break today.
mental-mindful-sip,Mindful Sip,Mindfulness reduces stress and improves emotional regulation.,Mental Resilience,Take 3 mindful sips of water at Iftar.
mental-reset,Reset Ritual,Simple rituals create a sense of control and calm.,Mental Resilience,Light a candle or tidy a small space tonight.
mental-boundaries,Set Gentle Boundaries,Protecting your energy helps you stay consistent.,Mental Resilience,Say no to one non‑essential task today.
mental-sleep-gentle,Protect Sleep,Rest supports mood stability and focus.,Mental Resilience,Choose a bedtime and stick to it tonight.
community-share-meal,Share the Moment,Sharing a meal builds connection and support.,Community,Invite someone to share Iftar or Suhoor.
community-check-in,Check In,A quick check‑in can strengthen relationships.,Community,Message a friend or family member today.
community-cook-together,Cook Together,Shared cooking reduces stress and creates support.,Community,Prep one dish together with someone today.
community-help-small,Small Help,Small acts of help improve community wellbeing.,Community,Offer help with one small task today.
community-table-question,Table Connection,Shared meals are a chance to connect.,Community,Ask one meaningful question at dinner.
